Date,Open,High,Low,Close,Volume,Change,score
2022-01-03,0.9496296296296296,1.0,0.970193740685544,1.0,0.3417436082876914,0.587173092900768,0
2022-01-04,1.0,0.9442896935933148,1.0,0.9709724238026124,0.1271792545034941,0.3641014265001617,-1
2022-01-05,0.9703703703703702,0.9025069637883008,0.9046199701937409,0.8780841799709724,0.271485517690745,0.2203527132173799,-1
2022-01-06,0.8666666666666666,0.8133704735376044,0.8360655737704918,0.8084179970972423,0.2884897154368231,0.2642964866492678,0
2022-01-07,0.8340740740740741,0.807799442896936,0.8479880774962743,0.8229317851959361,0.1505576810565834,0.4634990668366749,0
2022-01-10,0.8281481481481482,0.8050139275766017,0.8390461997019374,0.846153846153846,0.1094416025462801,0.4843143218156385,-1
2022-01-11,0.842962962962963,0.8133704735376044,0.8420268256333829,0.8171262699564585,0.1869967096902947,0.3585834640690001,1
2022-01-12,0.842962962962963,0.8161559888579386,0.8628912071535022,0.8519593613933236,0.1307544173559146,0.5127378076425521,-1
2022-01-13,0.8488888888888889,0.8022284122562675,0.8509687034277198,0.8200290275761974,0.1722474572165924,0.3518871712507528,-1
2022-01-14,0.8103703703703703,0.7493036211699164,0.7555886736214605,0.7561683599419449,0.3333276476417742,0.2729791389096754,0
2022-01-17,0.7392592592592592,0.7381615598885793,0.7585692995529061,0.7706821480406385,0.1100624800645439,0.4645942747104522,-1
2022-01-18,0.7777777777777778,0.7493036211699164,0.767511177347243,0.741654571843251,0.0766374365263608,0.3555128536056064,0
2022-01-19,0.7511111111111112,0.7075208913649025,0.7615499254843516,0.7532656023222062,0.1219956095089779,0.457533784088881,0
2022-01-20,0.762962962962963,0.7103064066852367,0.7436661698956781,0.741654571843251,0.1524987761548918,0.3987220165149912,-1
2022-01-21,0.7333333333333333,0.701949860724234,0.7287630402384502,0.7039187227866472,0.2654046705681882,0.3321278296974875,0
2022-01-24,0.7096296296296295,0.6852367688022285,0.7287630402384502,0.7097242380261248,0.1791368096788664,0.443119606717917,-1
2022-01-25,0.7362962962962963,0.6935933147632312,0.7108792846497765,0.683599419448476,0.2418369104861778,0.3603470967454104,0
2022-01-26,0.6918518518518518,0.6740947075208914,0.713859910581222,0.695210449927431,0.1635739347430437,0.4585913928124006,-1
2022-01-27,0.7066666666666667,0.6545961002785514,0.6333830104321907,0.6197387518142234,0.3213348184359686,0.2307687361439666,0
2022-01-28,0.6296296296296297,0.5961002785515319,0.6065573770491803,0.6197387518142234,0.3301942630235029,0.4280265007026704,0
2022-02-03,0.6296296296296297,0.5988857938718664,0.6154992548435172,0.6081277213352685,0.3433401504775128,0.3962070794391825,0
2022-02-04,0.6148148148148148,0.5766016713091922,0.5916542473919524,0.6023222060957909,0.4670653473587973,0.4119971681864773,1
2022-02-07,0.6237037037037038,0.6016713091922006,0.6274217585692996,0.6313497822931784,0.2801232203074708,0.5084756035197902,0
2022-02-08,0.6474074074074073,0.6323119777158774,0.6453055141579731,0.6313497822931784,0.1913326180733352,0.4280265007026704,0
2022-02-09,0.6562962962962963,0.6100278551532032,0.6512667660208644,0.6313497822931784,0.0826432325203363,0.4280265007026704,1
2022-02-10,0.6711111111111111,0.6545961002785514,0.6780923994038748,0.6603773584905661,0.3657241495768993,0.5069858053194739,-1
2022-02-11,0.6414814814814814,0.5933147632311977,0.5678092399403876,0.5471698113207548,1.0,0.1256841452063297,0
2022-02-14,0.5185185185185185,0.50974930362117,0.5320417287630403,0.5442670537010159,0.3072695546568372,0.4196824645983507,0
2022-02-15,0.5496296296296296,0.5543175487465182,0.5678092399403876,0.5529753265602322,0.2457293349276013,0.4531076915809487,-1
2022-02-16,0.4681481481481481,0.4651810584958218,0.4649776453055141,0.4934687953555878,0.8555026975763603,0.2576406328453582,1
2022-02-17,0.5007407407407406,0.5069637883008355,0.5052160953800298,0.5181422351233671,0.3903579768262584,0.5016149693709195,-1
2022-02-18,0.5007407407407406,0.4651810584958218,0.5022354694485842,0.4934687953555878,0.3505552930661286,0.3556865389878749,-1
2022-02-21,0.4844444444444443,0.4401114206128134,0.4754098360655738,0.4687953555878084,0.3577329100904537,0.3544380320344216,-1
2022-02-22,0.437037037037037,0.3969359331476323,0.4187779433681073,0.4063860667634251,0.5026941649453236,0.2386220530578185,0
2022-02-23,0.4192592592592593,0.3802228412256268,0.4247391952309984,0.409288824383164,0.3513262728415551,0.4372455330254969,-1
2022-02-24,0.3866666666666666,0.3537604456824512,0.3725782414307004,0.3657474600870827,0.4898877132773975,0.2900393664208788,-1
2022-02-25,0.3792592592592593,0.3454038997214483,0.3695976154992548,0.3526850507982584,0.4956171846615962,0.3852458741209911,0
2022-02-28,0.3274074074074075,0.3272980501392757,0.338301043219076,0.351233671988389,0.7178998647373979,0.4232249213678649,1
2022-03-02,0.3659259259259259,0.3565459610027854,0.3800298062593144,0.3759071117561683,0.2896598307597051,0.5097453751538824,1
2022-03-03,0.3866666666666666,0.3621169916434539,0.3934426229508196,0.3976777939042091,0.1506105579880839,0.4987754351491422,-1
2022-03-04,0.3940740740740741,0.3551532033426183,0.3517138599105811,0.3323657474600872,0.3645318600569365,0.2192440086255958,-1
2022-03-07,0.3125925925925926,0.2841225626740946,0.3114754098360655,0.2960812772133527,0.2136091576022529,0.3060641880794623,1
2022-03-08,0.274074074074074,0.2980501392757659,0.293591654247392,0.3134978229317853,0.2545324911686996,0.4882922597034814,1
2022-03-10,0.3407407407407407,0.3398328690807799,0.360655737704918,0.351233671988389,0.3423678972208908,0.5567824399384327,1
2022-03-11,0.3703703703703703,0.3621169916434539,0.3755588673621459,0.3759071117561683,0.2960459995189905,0.5097453751538824,-1
2022-03-14,0.3925925925925925,0.3565459610027854,0.3695976154992548,0.3541364296081277,0.2072076374757576,0.3572775662561985,-1
2022-03-15,0.3422222222222221,0.3203342618384401,0.338301043219076,0.3410740203193032,0.1186728913617856,0.3848608966039458,0
2022-03-16,0.3555555555555555,0.3300835654596099,0.3487332339791356,0.3410740203193032,0.1289463674400913,0.4280265007026704,1
2022-03-17,0.3674074074074073,0.4080779944289694,0.3874813710879283,0.4194484760522496,0.3980012519892814,0.6896689237283492,0
2022-03-18,0.4340740740740739,0.3955431754874652,0.4292101341281669,0.4194484760522496,0.1639150762365953,0.4280265007026704,0
2022-03-21,0.4444444444444443,0.4206128133704734,0.4321907600596124,0.409288824383164,0.2021365691741135,0.3960708078277761,0
2022-03-22,0.4162962962962963,0.383008356545961,0.4217585692995529,0.4078374455732947,0.0901943994801003,0.4234269295599439,1
2022-03-23,0.4222222222222221,0.4080779944289694,0.4381520119225037,0.425253991291727,0.120924425219226,0.4832809600889431,-1
2022-03-24,0.4177777777777777,0.383008356545961,0.4172876304023845,0.4063860667634251,0.0904366099405219,0.3689332897847648,0
2022-03-25,0.4148148148148148,0.3871866295264623,0.427719821162444,0.409288824383164,0.0556913488222942,0.4372455330254969,-1
2022-03-28,0.4029629629629628,0.3635097493036212,0.3740685543964233,0.3904208998548621,0.1218608586190251,0.3682320758472277,1
2022-03-29,0.3925925925925925,0.3844011142061281,0.4083457526080476,0.4049346879535558,0.0596195931205406,0.4746764180911536,0
2022-03-30,0.4162962962962963,0.3997214484679665,0.427719821162444,0.4136429608127721,0.1008721282282646,0.4557135295942767,0
2022-03-31,0.4222222222222221,0.4164345403899721,0.4351713859910582,0.420899854862119,0.1763548007989533,0.450950169784968,0
2022-04-01,0.4162962962962963,0.383008356545961,0.4157973174366616,0.4194484760522496,0.0606089034518402,0.4234662841793472,1
2022-04-04,0.4177777777777777,0.4150417827298049,0.4232488822652758,0.4455732946298985,0.1502489480049192,0.5101982823809703,0
2022-04-05,0.4577777777777777,0.4317548746518105,0.4605067064083457,0.4571843251088534,0.1295194851492579,0.4638567733859251,-1
2022-04-06,0.4459259259259259,0.4275766016713092,0.4485842026825632,0.4397677793904209,0.1018460871923543,0.3747289700863287,-1
2022-04-07,0.428148148148148,0.3941504178272981,0.427719821162444,0.4049346879535558,0.1126415097557938,0.3200821348974206,0
2022-04-08,0.4088888888888887,0.3802228412256268,0.4023845007451565,0.3933236574746008,0.0853092532924418,0.3911104621805289,-1
2022-04-11,0.3733333333333334,0.3593314763231197,0.3889716840536512,0.3802612481857765,0.0380048680891129,0.3861332451963754,1
2022-04-12,0.3777777777777776,0.3662952646239554,0.3815201192250372,0.3933236574746008,0.1085563403705137,0.4703354555469549,0
2022-04-13,0.3866666666666666,0.3676880222841225,0.4008941877794336,0.3947750362844702,0.0444592651471087,0.4326813068700362,-1
2022-04-14,0.3985185185185184,0.3593314763231197,0.3830104321907601,0.3613933236574747,0.1462507697004948,0.3210827097167715,-1
2022-04-15,0.3629629629629628,0.3300835654596099,0.3621460506706409,0.3497822931785195,0.0510808215369447,0.3898716689415308,-1
2022-04-18,0.3437037037037037,0.3147632311977715,0.3546944858420269,0.3367198838896952,0.0279207255397284,0.384714737673589,0
2022-04-19,0.3481481481481482,0.3203342618384401,0.3591654247391953,0.3396226415094339,0.0168506840739799,0.4377501094810216,0
2022-04-20,0.3422222222222221,0.3105849582172701,0.3517138599105811,0.3410740203193032,0.0352245649166676,0.4328772429658182,0
2022-04-21,0.3437037037037037,0.3119777158774373,0.353204172876304,0.3323657474600872,0.0322890423646563,0.3989551203664838,-1
2022-04-22,0.3199999999999999,0.2910863509749304,0.299552906110283,0.2902757619738751,0.1362229154975463,0.286550218059749,-1
2022-04-25,0.2681481481481481,0.2506963788300835,0.2801788375558867,0.2612481857764877,0.0828359774641929,0.3271080995356322,1
2022-04-26,0.2622222222222222,0.2632311977715877,0.2801788375558867,0.2830188679245282,0.0875676099797532,0.5055501815991672,-1
2022-04-27,0.2503703703703702,0.2256267409470751,0.2608047690014903,0.2539912917271407,0.1213406178413589,0.3265073947667807,0
2022-04-28,0.2592592592592592,0.2409470752089135,0.2667660208643814,0.2612481857764877,0.0598686264108332,0.4540252961252761,1
2022-04-29,0.2637037037037036,0.256267409470752,0.2757078986587182,0.2873730043541365,0.08356090313799,0.521054917778467,1
2022-05-02,0.2681481481481481,0.2799442896935933,0.286140089418778,0.2975326560232221,0.087470384654091,0.4634317404952585,1
2022-05-03,0.2962962962962961,0.2924791086350975,0.3144560357675112,0.3193033381712626,0.0650727398949625,0.5032700733375058,-1
2022-05-04,0.3199999999999999,0.2910863509749304,0.299552906110283,0.2917271407837445,0.1126159241437775,0.3343707243595029,-1
2022-05-06,0.274074074074074,0.2423398328690806,0.2742175856929956,0.2656023222060957,0.03064303465827,0.3373072996535776,-1
2022-05-09,0.2488888888888888,0.2367688022284122,0.2667660208643814,0.2568940493468794,0.0295718503685181,0.3971293815047909,-1
2022-05-10,0.2444444444444443,0.2256267409470751,0.2295081967213115,0.2481857764876633,0.1250334745090547,0.3969038550872885,1
2022-05-11,0.2355555555555556,0.2353760445682451,0.254843517138599,0.262699564586357,0.0536155028340329,0.4802789816990838,-1
2022-05-12,0.2385185185185184,0.2325905292479109,0.2384500745156483,0.2206095791001452,0.1990594729022783,0.2783288360175447,1
2022-05-13,0.3125925925925926,0.341225626740947,0.3055141579731744,0.3396226415094339,0.7846885463449248,0.8667113198283973,-1
2022-05-16,0.3570370370370369,0.331476323119777,0.3040238450074515,0.2844702467343976,0.2106139352888701,0.2436982947030345,0
2022-05-17,0.2844444444444444,0.2632311977715877,0.2921013412816691,0.2873730043541365,0.1132862671786063,0.4381663400589305,1
2022-05-18,0.2918518518518519,0.2966573816155988,0.3114754098360655,0.3280116110304789,0.1748827752542783,0.5696474598730211,-1
2022-05-19,0.2992592592592592,0.299442896935933,0.3099850968703428,0.3105950653120464,0.136809678866455,0.3692829537546932,1
2022-05-20,0.3170370370370369,0.3342618384401115,0.3323397913561847,0.3701015965166909,0.1880269570008204,0.6315374441504022,1
2022-05-23,0.3703703703703703,0.3537604456824512,0.3785394932935917,0.3846153846153846,0.1129468313925225,0.4754020834727518,-1
2022-05-24,0.3748148148148148,0.3467966573816154,0.3666169895678093,0.3483309143686501,0.0602421763462722,0.310889070776644,0
2022-05-25,0.3614814814814814,0.3342618384401115,0.353204172876304,0.3541364296081277,0.0875437300752046,0.4472979242023646,1
2022-05-26,0.3540740740740741,0.3676880222841225,0.3725782414307004,0.3831640058055152,0.1909385996482831,0.523950065366503,0
2022-05-27,0.4029629629629628,0.3690807799442896,0.3874813710879283,0.3730043541364296,0.0460575130443978,0.3951919383867724,1
2022-05-30,0.388148148148148,0.3607242339832868,0.4008941877794336,0.3875181422351232,0.0385558116011987,0.4752970378346805,0
2022-05-31,0.3970370370370369,0.3579387186629525,0.3949329359165425,0.3846153846153846,0.2667965278618786,0.4186760567348913,0
2022-06-02,0.3866666666666666,0.350974930362117,0.3695976154992548,0.3875181422351232,0.0872384084384759,0.4373974950967521,-1
2022-06-03,0.3925925925925925,0.3607242339832868,0.3845007451564828,0.3686502177068214,0.0608818166466814,0.3672486149121051,-1
2022-06-07,0.3525925925925924,0.3231197771587744,0.3561847988077495,0.3454281567489115,0.0717232933117504,0.3521412513267887,1
2022-06-08,0.351111111111111,0.373259052924791,0.3636363636363635,0.3962264150943395,0.1582862415929943,0.597033392804321,1
2022-06-09,0.3940740740740741,0.3969359331476323,0.4068554396423249,0.4150943396226414,0.2595336254641657,0.4884071454096376,-1
2022-06-10,0.4044444444444445,0.383008356545961,0.4098360655737705,0.3904208998548621,0.0819643609481686,0.3501697427668754,-1
2022-06-13,0.3629629629629628,0.3328690807799441,0.338301043219076,0.3309143686502176,0.130251233652926,0.236761839409889,-1
2022-06-14,0.3125925925925926,0.2952646239554317,0.3099850968703428,0.3033381712626994,0.1077273665411834,0.3352289674416853,-1
2022-06-15,0.2992592592592592,0.2771587743732591,0.2652757078986587,0.2568940493468794,0.1315885083076482,0.2682587274265158,-1
2022-06-16,0.274074074074074,0.2548746518105849,0.2444113263785394,0.2278664731494919,0.1455974837403436,0.3242843486513966,-1
2022-06-17,0.1955555555555556,0.2075208913649024,0.2131147540983606,0.2191582002902756,0.2015327487305272,0.3961277292614683,0
2022-06-20,0.2399999999999998,0.2200557103064067,0.2265275707898659,0.2235123367198839,0.1045871590930412,0.4440961079236775,1
2022-06-21,0.2237037037037036,0.2381615598885793,0.2414307004470939,0.258345428156749,0.1307697687231244,0.5561006668896252,-1
2022-06-22,0.2607407407407406,0.2311977715877438,0.2518628912071534,0.2380261248185775,0.1155207439613691,0.3554952318201638,1
2022-06-23,0.2385185185185184,0.2813370473537604,0.2563338301043218,0.2786647314949202,0.2992885494151982,0.5755993914079934,1
2022-06-24,0.2814814814814815,0.2952646239554317,0.3010432190760059,0.3265602322206096,0.1109699164373911,0.5961334073061866,-1
2022-06-27,0.3274074074074075,0.2924791086350975,0.2950819672131146,0.2757619738751815,0.1530446025445744,0.2564942182592707,-1
2022-06-28,0.2755555555555554,0.2451253481894149,0.2339791356184799,0.2206095791001452,0.3640508505510288,0.233985191632395,-1
2022-06-29,0.2074074074074073,0.1908077994428969,0.2041728763040238,0.1915820029027577,0.1856492007907659,0.3210302033549322,-1
2022-06-30,0.1792592592592591,0.1573816155988858,0.0923994038748137,0.0783744557329462,0.6923159584284976,0.0,0
2022-07-01,0.0859259259259258,0.0766016713091921,0.0864381520119224,0.0798258345428157,0.2363189468279811,0.4341263611451696,1
2022-07-04,0.0770370370370369,0.0779944289693592,0.0923994038748137,0.09288824383164,0.1478558404276549,0.482846817908051,1
2022-07-05,0.0903703703703703,0.1128133704735374,0.1087928464977645,0.1161103047895499,0.1869813583230848,0.5242477125347123,-1
2022-07-06,0.1066666666666665,0.1128133704735374,0.119225037257824,0.1103047895500726,0.1974390508079083,0.4045020733961472,1
2022-07-07,0.1170370370370369,0.1323119777158774,0.1356184798807749,0.1552975326560233,0.1839127905885885,0.6113522648199079,-1
2022-07-08,0.1585185185185184,0.1350974930362116,0.1609538002980626,0.1480406386066763,0.104721909982994,0.3996767503748291,-1
2022-07-11,0.1377777777777776,0.1253481894150416,0.126676602086438,0.1190130624092888,0.089640044553079,0.3138684699313889,-1
2022-07-12,0.1096296296296296,0.0988857938718663,0.1087928464977645,0.1030478955007256,0.0777342064281291,0.3635122958300693,1
2022-07-13,0.1066666666666665,0.1100278551532032,0.1162444113263785,0.1277213352685051,0.0701608652712842,0.5292620337169514,0
2022-07-14,0.111111111111111,0.1197771587743732,0.126676602086438,0.1306240928882438,0.1234983377880726,0.4396603409463469,-1
2022-07-15,0.1318518518518517,0.1197771587743732,0.126676602086438,0.1190130624092888,0.0395212420279497,0.3816177665605498,1
2022-07-18,0.1244444444444444,0.1142061281337047,0.1311475409836064,0.1306240928882438,0.0384756433502141,0.4749459224281977,0
2022-07-19,0.1288888888888889,0.1114206128133703,0.1356184798807749,0.1306240928882438,0.0,0.4280265007026704,1
2022-07-20,0.1422222222222221,0.139275766016713,0.1490312965722802,0.1436865021770681,0.1211973384140673,0.4802363266125558,1
2022-07-21,0.1407407407407407,0.1378830083565458,0.1520119225037257,0.1552975326560233,0.1162797837845214,0.4738738388672657,-1
2022-07-22,0.148148148148148,0.1406685236768801,0.1639344262295081,0.1480406386066763,0.0496514386789636,0.3996767503748291,-1
2022-07-25,0.1451851851851852,0.1267409470752087,0.126676602086438,0.1378809869375907,0.0784778948840716,0.3880711899327221,0
2022-07-26,0.1288888888888889,0.1142061281337047,0.1400894187779433,0.1364296081277214,0.0349175375724712,0.4222646055009039,-1
2022-07-27,0.1318518518518517,0.1114206128133703,0.1281669150521609,0.1161103047895499,0.0566755420311905,0.3472508115412317,1
2022-07-28,0.1274074074074073,0.1155988857938719,0.1311475409836064,0.1219158200290275,0.0311752153882104,0.4515509280091936,1
2022-07-29,0.1274074074074073,0.1420612813370472,0.1445603576751117,0.1451378809869377,0.1713553722109551,0.5216078987670295,0
2022-08-01,0.1422222222222221,0.1267409470752087,0.1520119225037257,0.146589259796807,0.0198424949724272,0.4337497254668412,-1
2022-08-02,0.1437037037037037,0.1197771587743732,0.1385991058122204,0.1277213352685051,0.0503644244004864,0.3537243132482526,1
2022-08-03,0.1244444444444444,0.1573816155988858,0.1400894187779433,0.1683599419448476,0.1710227592547423,0.5909002641141381,1
2022-08-04,0.1777777777777777,0.1643454038997214,0.1892697466467958,0.1828737300435414,0.1274453448684643,0.4840554422178789,1
2022-08-05,0.1896296296296297,0.1810584958217269,0.1967213114754098,0.1886792452830188,0.096184844106866,0.4501473953813075,0
2022-08-08,0.1748148148148148,0.1685236768802227,0.1847988077496274,0.1915820029027577,0.0235745829118814,0.4390298618621736,1
2022-08-09,0.1896296296296297,0.2437325905292477,0.1937406855439642,0.2597968069666183,0.4020659528849483,0.6859399049722278,-1
2022-08-10,0.2503703703703702,0.2311977715877438,0.2205663189269746,0.2060957910014513,0.1851477227952451,0.2365693518866842,1
2022-08-11,0.2222222222222222,0.214484679665738,0.2384500745156483,0.2394775036284471,0.1576670697821982,0.5526357209492644,-1
2022-08-12,0.2296296296296295,0.201949860724234,0.1907600596125185,0.1814223512336719,0.4732570654667584,0.217468355057862,-1
2022-08-16,0.1629629629629628,0.139275766016713,0.1475409836065573,0.1611030478955006,0.2817948136258735,0.3505028198061731,1
2022-08-17,0.1614814814814814,0.1518105849582172,0.1698956780923994,0.1741654571843252,0.1201960881304934,0.4787860536706148,0
2022-08-18,0.1614814814814814,0.1559888579387185,0.1743666169895676,0.1741654571843252,0.0493819368990579,0.4280265007026704,-1
2022-08-19,0.1688888888888887,0.1476323119777158,0.1669150521609537,0.150943396226415,0.0426682723059629,0.3388489331354573,-1
2022-08-22,0.1362962962962962,0.1211699164345403,0.1385991058122204,0.1451378809869377,0.0457965398018309,0.4052558601189198,-1
2022-08-23,0.1318518518518517,0.1239554317548745,0.134128166915052,0.1190130624092888,0.0611496127191194,0.3250084549475932,-1
2022-08-24,0.12,0.1030640668523676,0.1236959761549925,0.1117561683599419,0.0427791432913672,0.3987018621242155,1
2022-08-25,0.1096296296296296,0.1197771587743732,0.1281669150521609,0.1335268505079825,0.0299095804471341,0.5166096540816317,0
2022-08-26,0.1318518518518517,0.1281337047353761,0.1460506706408346,0.1335268505079825,0.0338241790856384,0.4280265007026704,-1
2022-08-29,0.1037037037037037,0.0877437325905292,0.0983606557377048,0.1074020319303339,0.1039867500643904,0.3238902129312559,1
2022-08-30,0.1022222222222221,0.1211699164345403,0.1207153502235469,0.1436865021770681,0.0469820064919226,0.5762811060332464,1
2022-08-31,0.1288888888888889,0.1378830083565458,0.1415797317436662,0.16255442670537,0.068647902747383,0.502528425220138,0
2022-09-01,0.148148148148148,0.139275766016713,0.157973174366617,0.158200290275762,0.0749214948137964,0.4111290009035662,-1
2022-09-02,0.1555555555555555,0.1448467966573816,0.1400894187779433,0.1320754716981131,0.0935307632870347,0.326238113318675,1
2022-09-05,0.1303703703703703,0.1504178272980501,0.1475409836065573,0.1596516690856313,0.0748276809030697,0.5380974878451164,-1
2022-09-06,0.1644444444444445,0.1406685236768801,0.1594634873323397,0.150943396226415,0.0069882834954039,0.394141977926718,-1
2022-09-07,0.1407407407407407,0.1211699164345403,0.1400894187779433,0.1335268505079825,0.0167500473333822,0.3597145789514177,1
2022-09-08,0.1392592592592593,0.1476323119777158,0.1549925484351713,0.1422351233671988,0.1352455451185211,0.462738596626475,1
2022-09-13,0.1644444444444445,0.1573816155988858,0.1818181818181818,0.1741654571843252,0.0643444028062299,0.5542763713416505,-1
2022-09-14,0.1259259259259258,0.1364902506963787,0.1445603576751117,0.1451378809869377,0.0609466335304562,0.3165545412436542,-1
2022-09-15,0.1496296296296296,0.1323119777158774,0.1445603576751117,0.1335268505079825,0.0224471102756935,0.3822407025893028,0
2022-09-16,0.1214814814814814,0.116991643454039,0.1326378539493293,0.1320754716981131,0.0494211681708163,0.4222411513820365,-1
2022-09-19,0.1288888888888889,0.1128133704735374,0.0983606557377048,0.0885341074020318,0.1113042351010717,0.2542302052145982,1
2022-09-20,0.0992592592592592,0.0947075208913648,0.1087928464977645,0.100145137880987,0.0432720927495492,0.476341542621167,0
2022-09-21,0.0814814814814813,0.0807799442896934,0.0998509687034276,0.0986937590711176,0.0162895063170876,0.4220547885887947,-1
2022-09-22,0.0755555555555554,0.0682451253481893,0.0834575260804768,0.0711175616835995,0.0834005666360207,0.3144048365556298,-1
2022-09-23,0.0725925925925926,0.0529247910863509,0.0193740685543963,0.0217706821480406,0.1723975594737551,0.2191370435319927,-1
2022-09-26,0.0074074074074074,0.0139275766016712,0.0193740685543963,0.0130624092888244,0.1086689170633858,0.3892646602544219,1
2022-09-27,0.0118518518518517,0.0194986072423397,0.0074515648286139,0.0188679245283018,0.1267408876842803,0.4541048031449171,-1
2022-09-28,0.0,0.0027855153203342,0.0,0.0029027576197387,0.0867915130819234,0.3567471284498117,1
2022-09-29,0.0074074074074074,0.0348189415041781,0.0238450074515648,0.034833091436865,0.1055662351795342,0.5730089642030751,1
2022-09-30,0.0296296296296295,0.0529247910863509,0.0357675111773472,0.0682148040638606,0.1327245094811749,0.574614626762565,1
2022-10-04,0.0725925925925926,0.0779944289693592,0.0789865871833084,0.0972423802612481,0.101291732265333,0.5512577853647329,-1
2022-10-05,0.0962962962962962,0.0821727019498606,0.0730253353204173,0.0696661828737299,0.0673566821942903,0.3142452555666589,1
2022-10-06,0.0651851851851851,0.0738161559888579,0.0745156482861399,0.0812772133526851,0.0237570936109315,0.4772478853988592,-1
2022-10-07,0.0666666666666665,0.0626740947075208,0.0760059612518628,0.0769230769230768,0.0714930228036031,0.4097791293076321,-1
2022-10-11,0.0577777777777778,0.0403899721448467,0.0327868852459015,0.0391872278664731,0.0970479320855514,0.2692029137657196,1
2022-10-12,0.0266666666666666,0.0236768802228412,0.0312965722801787,0.0420899854862119,0.0435125975025031,0.4407163889446563,-1
2022-10-13,0.0429629629629629,0.0306406685236768,0.0119225037257824,0.0,0.0957601229473942,0.2445691252873685,1
2022-10-14,0.0133333333333333,0.0181058495821726,0.0134128166915051,0.0377358490566037,0.0753564502180747,0.5999007079615719,-1
2022-10-17,0.0148148148148148,0.0,0.0163934426229508,0.015965166908563,0.0401557652059556,0.3327104996004193,1
2022-10-18,0.0325925925925926,0.0724233983286907,0.0506706408345751,0.0957910014513787,0.2116936481159608,0.7855099377635011,1
2022-10-19,0.0918518518518517,0.1086350974930361,0.1013412816691505,0.1161103047895499,0.1562871524407821,0.5119832296623085,-1
2022-10-20,0.1007407407407406,0.0919220055710305,0.1073025335320416,0.1030478955007256,0.1182669329844593,0.375096539262993,1
2022-10-21,0.0962962962962962,0.0947075208913648,0.0923994038748137,0.1088534107402032,0.0648902291959124,0.4518466261177951,1
2022-10-24,0.1303703703703703,0.1281337047353761,0.1430700447093889,0.1393323657474601,0.1086586828185792,0.5523874054741347,1
2022-10-25,0.1377777777777776,0.1281337047353761,0.1490312965722802,0.1451378809869377,0.0768045958582011,0.4510429781618197,1
2022-10-26,0.1422222222222221,0.1671309192200556,0.1535022354694486,0.1683599419448476,0.1354331729399744,0.5195980969294058,-1
2022-10-27,0.1851851851851852,0.16016713091922,0.1758569299552905,0.16255442670537,0.036334980478178,0.405614924096587,1
2022-10-28,0.1614814814814814,0.1615598885793872,0.1639344262295081,0.1756168359941945,0.0489299244201021,0.4787190000999839,1
2022-10-31,0.1851851851851852,0.1713091922005569,0.1952309985096869,0.1959361393323657,0.0616562078370435,0.5059550049981051,-1
2022-11-01,0.197037037037037,0.1796657381615598,0.1877794336810729,0.1828737300435414,0.032706940694257,0.3788287801337398,1
2022-11-02,0.1807407407407407,0.2103064066852367,0.1982116244411327,0.2264150943396226,0.1808766312959794,0.5939332107924514,-1
2022-11-03,0.2014814814814814,0.1796657381615598,0.1922503725782414,0.1828737300435414,0.0862832122565315,0.2683335250731811,1
2022-11-04,0.1718518518518518,0.2158774373259051,0.1862891207153503,0.2380261248185775,0.15341303535761,0.6381750001497261,0
2022-11-07,0.2355555555555556,0.2270194986072422,0.239940387481371,0.2336719883889695,0.07451553643647,0.4122151195556716,1
2022-11-08,0.2385185185185184,0.2284122562674093,0.2414307004470939,0.2597968069666183,0.0900221230258568,0.5232478953522148,0
2022-11-09,0.2622222222222222,0.2423398328690806,0.2533532041728763,0.2568940493468794,0.0796173074725338,0.417677465631536,0
2022-11-10,0.2503703703703702,0.2367688022284122,0.2593144560357674,0.2539912917271407,0.0854934696989597,0.4176522854975434,1
2022-11-11,0.3451851851851851,0.4080779944289694,0.3353204172876303,0.4136429608127721,0.6883297200763475,1.0,-1
2022-11-14,0.4074074074074073,0.3690807799442896,0.3621460506706409,0.3468795355587808,0.2708953429069008,0.2171287451455318,1
2022-11-15,0.3629629629629628,0.3565459610027854,0.3740685543964233,0.3889695210449928,0.1706645606865131,0.5679023729084556,1
2022-11-16,0.3970370370370369,0.3885793871866294,0.4023845007451565,0.4020319303338171,0.188044014075498,0.4700574120320971,1
2022-11-17,0.4044444444444445,0.4164345403899721,0.4247391952309984,0.4557329462989841,0.2928529151393478,0.599133540425417,-1
2022-11-18,0.4444444444444443,0.4108635097493036,0.3889716840536512,0.3730043541364296,0.199794632820882,0.1745992435488433,1
2022-11-21,0.3792592592592593,0.3704735376044568,0.3889716840536512,0.3962264150943395,0.1084898177792712,0.5036593601138879,-1
2022-11-22,0.3985185185185184,0.3621169916434539,0.3755588673621459,0.3657474600870827,0.053206133041771,0.3304885361760314,1
2022-11-23,0.3748148148148148,0.3802228412256268,0.3949329359165425,0.3918722786647315,0.097713157997977,0.513587753866029,0
2022-11-24,0.4059259259259259,0.3760445682451252,0.4068554396423249,0.3976777939042091,0.0336996624404921,0.4466660742515553,-1
2022-11-25,0.3940740740740741,0.3621169916434539,0.3874813710879283,0.3788098693759072,0.0524334475588767,0.3677115585470712,0
2022-11-28,0.3703703703703703,0.3537604456824512,0.3830104321907601,0.3788098693759072,0.0518603298497101,0.4280265007026704,0
2022-11-29,0.3807407407407407,0.3537604456824512,0.3934426229508196,0.3831640058055152,0.0109642876027475,0.4421450518593169,1
2022-11-30,0.3911111111111111,0.3913649025069636,0.4068554396423249,0.4296081277213353,0.2348281585011607,0.5781273570039195,-1
2022-12-01,0.4622222222222222,0.4206128133704734,0.4292101341281669,0.4107402031930334,0.0473640849647003,0.3691216847186156,1
2022-12-02,0.4148148148148148,0.4038997214484678,0.4217585692995529,0.4267053701015966,0.0654616411976113,0.4785672624940294,-1
2022-12-05,0.4385185185185184,0.4011142061281336,0.3964232488822652,0.3831640058055152,0.1576363670477785,0.2918027802775151,0
2022-12-06,0.3748148148148148,0.3690807799442896,0.3934426229508196,0.3846153846153846,0.060680543165486,0.432717152462084,1
2022-12-07,0.4,0.3621169916434539,0.399403874813711,0.3991291727140784,0.0452131878478577,0.4748814726730807,1
2022-12-08,0.4148148148148148,0.3802228412256268,0.4232488822652758,0.416545718432511,0.0880093882139025,0.4836413152588528,0
2022-12-09,0.4296296296296297,0.4080779944289694,0.4336810730253353,0.4223512336719883,0.1056668719201319,0.4463260820301701,0
2022-12-12,0.4118518518518518,0.3941504178272981,0.4321907600596124,0.4223512336719883,0.0196770413480547,0.4280265007026704,-1
2022-12-13,0.4059259259259259,0.3676880222841225,0.3144560357675112,0.3134978229317853,0.3095534969561651,0.0863756634184261,1
2022-12-14,0.3318518518518517,0.3495821727019499,0.3517138599105811,0.3788098693759072,0.2289264106627185,0.650873318610721,-1
2022-12-15,0.3807407407407407,0.3454038997214483,0.3368107302533532,0.3236574746008709,0.0944143197553333,0.2491915193851429,1
2022-12-16,0.3125925925925926,0.3036211699164344,0.3174366616989568,0.3367198838896952,0.0898106152998548,0.4722364339328153,1
2022-12-19,0.3185185185185185,0.3133704735376044,0.3353204172876303,0.3483309143686501,0.025169419394235,0.4669209358160788,-1
2022-12-20,0.351111111111111,0.3147632311977715,0.3412816691505216,0.3367198838896952,0.02017510792864,0.389483653703282,-1
2022-12-21,0.3540740740740741,0.3175487465181057,0.338301043219076,0.3251088534107402,0.0140550295343248,0.3891320655892624,1
2022-12-22,0.3274074074074075,0.3050139275766017,0.3368107302533532,0.3367198838896952,0.0314685970726648,0.4672789973591249,-1
2022-12-23,0.314074074074074,0.2910863509749304,0.3219076005961252,0.3105950653120464,0.0180719706208945,0.3405140216975022,0
2022-12-26,0.3125925925925926,0.2924791086350975,0.3248882265275707,0.3178519593613933,0.0058505766144094,0.4528449084401986,0
2022-12-27,0.3333333333333333,0.309192200557103,0.3189269746646797,0.3178519593613933,0.0470587633279717,0.4280265007026704,0
2022-12-28,0.3007407407407406,0.3050139275766017,0.2965722801788375,0.3222060957910013,0.0678325745777947,0.4428313703183213,1
2022-12-29,0.351111111111111,0.3746518105849581,0.3710879284649777,0.3642960812772133,0.2322627744696529,0.5706450370693525,-2
